source,field,avg_freq,p50_freq,p75_freq,p90_freq,p95_freq,p99_freq,max_freq,val_singleton_rate
S1,normalized_name,1.451,1.0,1.0,2.0,3.0,8.0,253,0.8811
S1,normalized_address,1.036,1.0,1.0,1.0,1.0,2.0,14,0.981
S1,name_plus_address,1.0,1.0,1.0,1.0,1.0,1.0,1,1.0
S2,normalized_name,1.197,1.0,1.0,1.0,2.0,4.0,1672,0.9136
S2,normalized_address,1.136,1.0,1.0,2.0,2.0,3.0,19,0.8923
S2,name_plus_address,1.015,1.0,1.0,1.0,1.0,2.0,10,0.9862
S3,normalized_name,1.22,1.0,1.0,1.0,2.0,5.0,2957,0.913
S3,normalized_address,1.107,1.0,1.0,1.0,2.0,3.0,35,0.9146
S3,name_plus_address,1.01,1.0,1.0,1.0,1.0,1.0,8,0.9904
