feature,pos_mean,pos_median,neg_mean,neg_median,ks_statistic,roc_auc,pr_auc
addr_jaccard,0.6068,0.6429,0.1242,0.0,0.8073,0.8762,0.9763
addr_jaro_winkler,0.8139,0.8738,0.6041,0.5791,0.7122,0.8392,0.9726
name_exact,0.2566,0.0,0.9374,1.0,0.6808,0.1596,0.8907
name_levenshtein,0.7631,0.8,0.9723,1.0,0.6808,0.1655,0.8574
name_jaro_winkler,0.9118,0.9488,0.9864,1.0,0.6808,0.1674,0.8574
addr_levenshtein,0.6465,0.7188,0.2939,0.2162,0.6603,0.8099,0.9701
name_jaccard,0.6528,0.6667,0.9639,1.0,0.6171,0.1948,0.8716
name_length_ratio,0.8689,0.9333,0.9828,1.0,0.5556,0.226,0.8766
name_token_overlap,0.7896,1.0,0.9765,1.0,0.3799,0.3123,0.8991
house_num_match,0.3763,0.0,0.0783,0.0,0.2979,0.649,0.9495
postal_match,0.0455,0.0,0.0092,0.0,0.0363,0.5182,0.9312
both_addr_present,0.9559,1.0,0.9739,1.0,0.018,0.491,0.9274
addr_exact,0.0839,0.0,0.0737,0.0,0.0102,0.5051,0.9293
name_postal_agree,0.0138,0.0,0.0053,0.0,0.0085,0.5042,0.9292
name_addr_agree,0.0159,0.0,0.0184,0.0,0.0026,0.4987,0.9284
