threshold,precision,recall,pair_f05,macro_f05
0.1,0.9854,0.9994,0.9882,0.958
0.15,0.9866,0.9993,0.9891,0.9615
0.2,0.9872,0.9991,0.9896,0.9627
0.25,0.9875,0.999,0.9897,0.9634
0.3,0.9876,0.9989,0.9899,0.964
0.35,0.9878,0.9989,0.99,0.9644
0.4,0.988,0.9989,0.9901,0.9649
0.45,0.9881,0.9988,0.9902,0.9652
0.5,0.9881,0.9987,0.9902,0.9652
0.55,0.9883,0.9986,0.9903,0.9657
0.6,0.9884,0.9984,0.9904,0.966
0.65,0.9885,0.9982,0.9904,0.966
0.7,0.9886,0.998,0.9904,0.9662
0.75,0.9888,0.9977,0.9905,0.9666
0.8,0.989,0.9974,0.9907,0.9671
0.85,0.9891,0.9964,0.9906,0.9673
0.9,0.9908,0.979,0.9884,0.968
0.95,0.9938,0.9334,0.9811,0.9613
